client,gender,amount,card,retail_service,country,timestamp
Urbain Butchart,Male,"€70,02",mastercard,Home,Brazil,15:54:40
Novelia Renals,Female,"€9,44",mastercard,Baby,Brazil,14:59:09
Karly Cornock,Female,"€93,28",visa,Garden,France,1:13:44
Gillie Messom,Female,"€82,11",visa,Toys,Portugal,17:37:42
Carlotta Steagall,Female,"€6,76",visa,Tools,France,0:44:05
Margy Walstow,Female,"€57,31",americanexpress,Toys,Portugal,1:30:19
Jacquette Isacsson,Female,"€77,53",americanexpress,Outdoors,France,3:57:55
Meghann Tabram,Female,"€51,70",visa,Computers,Brazil,22:23:17
Denis Vina,Male,"€60,40",visa,Tools,Brazil,3:19:21
Stevy Yanshonok,Male,"€71,98",mastercard,Toys,France,19:13:36
Andras Finders,Male,"€48,09",mastercard,Electronics,Brazil,20:48:10
Flossie Glasebrook,Female,"€33,07",americanexpress,Movies,France,6:29:16
Jaquelyn Crowthe,Female,"€8,32",americanexpress,Shoes,Portugal,8:31:20
Deck Hatherall,Male,"€62,24",americanexpress,Games,Brazil,18:06:53
Bary Percifull,Male,"€59,51",mastercard,Jewelry,Argentina,21:12:18
Fey Kohnert,Female,"€77,00",americanexpress,Tools,Portugal,16:56:56
Ulrikaumeko Cholerton,Female,"€79,72",visa,Games,Portugal,0:46:27
Lazar Bleby,Male,"€92,49",visa,Garden,Brazil,15:43:39
Garreth Quartly,Male,"€15,60",mastercard,Industrial,Spain,0:46:46
Bella Lepper,Female,"€59,39",visa,Movies,France,21:30:53
Daryl Cancellieri,Male,"€37,75",mastercard,Garden,France,6:05:51
Konstance Loynton,Female,"€5,20",visa,Shoes,Brazil,21:20:15
Stillmann Wheadon,Male,"€11,26",mastercard,Automotive,Brazil,16:54:29
Colver McRoberts,Male,"€76,64",mastercard,Electronics,France,23:30:00
Emlyn Shucksmith,Female,"€27,85",mastercard,Beauty,Portugal,22:49:24
Godfry Caff,Male,"€69,08",visa,Computers,Argentina,21:45:37
Charlot Attoe,Female,"€77,88",visa,Toys,Portugal,11:28:17
Urson Le Moucheux,Male,"€83,08",mastercard,Health,Argentina,10:02:29
Darnall Janks,Male,"€17,97",americanexpress,Movies,Portugal,19:13:12
Linea Cromleholme,Female,"€53,51",mastercard,Grocery,Brazil,0:21:40
Emiline Kiddell,Female,"€87,25",americanexpress,Music,France,7:58:41
Zandra Woodes,Female,"€44,40",mastercard,Industrial,Brazil,22:41:39
Hyacinthia Cullingford,Female,"€74,95",visa,Movies,Portugal,23:35:49
Cristie Middis,Female,"€68,84",americanexpress,Jewelry,France,8:33:41
Carol Rutt,Female,"€15,42",visa,Movies,Argentina,22:57:03
Jared Espie,Male,"€64,63",americanexpress,Grocery,France,16:08:30
Tish Stowgill,Female,"€34,60",americanexpress,Outdoors,Portugal,15:08:51
Augustine Speares,Male,"€99,05",visa,Industrial,Brazil,14:58:01
Forrester Royall,Male,"€40,14",americanexpress,Health,Portugal,22:59:18
Nowell Hunnisett,Male,"€93,92",mastercard,Shoes,Portugal,2:11:24
Herby Sharvell,Non-binary,"€83,73",visa,Baby,Portugal,8:10:26
Winne Ewer,Female,"€63,54",visa,Outdoors,France,12:07:01
Lotte Douty,Female,"€5,99",visa,Computers,Brazil,18:13:59
Lorianne Matveyev,Female,"€25,91",visa,Toys,France,4:11:22
Maris Whaplington,Female,"€58,64",mastercard,Electronics,Portugal,5:08:57
Quinlan Boome,Male,"€66,71",mastercard,Automotive,Brazil,21:55:54
Janella Shewry,Female,"€5,95",visa,Automotive,Brazil,4:46:50
Louie Shrigley,Male,"€17,06",visa,Outdoors,Portugal,9:35:20
Amby Draper,Male,"€67,09",visa,Beauty,Portugal,7:02:50
Georgie Delooze,Female,"€77,87",visa,Home,Portugal,1:48:12
Jose Herche,Male,"€27,65",americanexpress,Jewelry,Argentina,17:25:09
Wilona De Ath,Female,"€59,07",americanexpress,Toys,Argentina,17:10:04
Diane Vivien,Non-binary,"€11,48",americanexpress,Movies,Brazil,22:42:28
Shane Verna,Male,"€93,83",mastercard,Outdoors,Brazil,11:35:23
Burke Abdon,Bigender,"€92,54",visa,Garden,France,2:07:43
Adena Wakelam,Female,"€22,83",americanexpress,Tools,Argentina,6:24:47
Charlene Zambonini,Female,"€55,82",mastercard,Computers,Brazil,3:58:58
Isak Anderbrugge,Male,"€21,72",americanexpress,Industrial,France,6:00:50
Nissy Dikes,Female,"€7,16",visa,Garden,Portugal,16:14:13
Teddie Amys,Female,"€25,20",visa,Home,France,4:42:34
Sherline Dore,Female,"€50,42",americanexpress,Automotive,Brazil,2:01:34
Aaron Gaynesford,Agender,"€26,97",visa,Baby,France,5:47:58
Mikey Cords,Male,"€4,83",mastercard,Music,Spain,20:01:05
Estevan Filpo,Male,"€32,36",americanexpress,Electronics,France,14:43:36
Bowie Soigne,Male,"€24,62",americanexpress,Jewelry,France,4:05:44
Nevins Lebbern,Male,"€68,52",mastercard,Movies,Portugal,19:30:28
Shirline Bridden,Female,"€25,11",americanexpress,Movies,Brazil,6:06:03
Loria Boxhall,Female,"€20,29",visa,Jewelry,Brazil,2:45:29
Pattin Hauck,Male,"€38,06",mastercard,Home,Argentina,5:40:14
Bennett Roz,Genderfluid,"€72,01",americanexpress,Music,Argentina,15:24:04
Bryant Piddock,Male,"€10,57",mastercard,Shoes,Argentina,12:49:33
Bernardina Jockle,Female,"€60,58",visa,Industrial,Argentina,7:11:27
Alice Vaadeland,Female,"€65,94",americanexpress,Industrial,Brazil,14:11:45
Tracee Ivell,Female,"€53,55",mastercard,Industrial,Brazil,17:13:53
Cecilla Dickons,Female,"€62,93",mastercard,Toys,France,6:01:54
Dukie McMeeking,Genderfluid,"€81,13",visa,Computers,France,15:23:04
Jerrie Albrecht,Male,"€80,25",visa,Home,France,1:39:47
Barbaraanne Huddles,Bigender,"€15,14",visa,Music,Portugal,4:32:34
Konstantin Pendrigh,Genderfluid,"€37,07",visa,Outdoors,France,11:41:32
Sloan Jann,Male,"€68,12",mastercard,Computers,Brazil,9:35:23
Lavina Zambonini,Female,"€44,12",americanexpress,Shoes,Argentina,9:54:15
Alric Blackborow,Male,"€6,29",americanexpress,Shoes,France,1:08:24
Klement Maunders,Male,"€22,35",americanexpress,Computers,France,8:24:02
Max MacTrustey,Female,"€94,37",visa,Music,Brazil,23:36:27
Cody Wyse,Male,"€62,61",americanexpress,Industrial,Brazil,1:27:51
Tobin Chadwen,Male,"€83,25",americanexpress,Baby,Portugal,9:40:06
Pauline Gollard,Female,"€77,47",americanexpress,Grocery,Brazil,7:43:16
Gusta North,Female,"€60,25",americanexpress,Music,Brazil,16:03:58
Pyotr Stanlake,Male,"€95,19",visa,Books,France,16:20:52
Rorke Jerke,Male,"€37,09",americanexpress,Music,Brazil,0:14:28
Jacques Gidney,Male,"€16,26",visa,Music,Argentina,21:54:59
Augustine Philippe,Female,"€87,50",mastercard,Computers,Argentina,5:35:45
Jess Filyashin,Male,"€87,94",mastercard,Computers,Portugal,3:22:45
Zaneta Linde,Female,"€95,78",visa,Health,France,17:50:07
Moise Youthed,Male,"€24,60",visa,Toys,Portugal,18:32:05
Rosabella Vakhrushev,Female,"€37,16",mastercard,Garden,Brazil,16:12:16
Casi Micah,Bigender,"€61,86",mastercard,Movies,France,11:44:19
Janeva Abriani,Female,"€19,93",visa,Shoes,Brazil,14:43:50
Blisse Eckart,Female,"€94,09",visa,Jewelry,France,14:39:57
Boony Danielski,Male,"€98,51",visa,Grocery,France,9:12:54
Geraldine Townsend,Female,"€38,24",mastercard,Jewelry,Portugal,8:39:12
Dorie Tilbey,Female,"€23,87",visa,Kids,France,9:32:32
Terrie Moland,Female,"€60,14",mastercard,Health,Brazil,11:33:26
Lind Farrand,Female,"€13,61",mastercard,Home,Portugal,17:33:12
Ram Thornhill,Male,"€7,88",americanexpress,Kids,Brazil,8:55:24
Cherilynn Garr,Bigender,"€93,48",americanexpress,Baby,Argentina,2:15:51
Halli Alwell,Female,"€75,42",mastercard,Beauty,Portugal,8:40:12
Kerwin Kynton,Male,"€31,89",mastercard,Books,Portugal,10:01:58
Quillan Payfoot,Male,"€56,83",americanexpress,Jewelry,Brazil,2:22:05
Holly Collinge,Male,"€61,90",americanexpress,Books,Brazil,5:42:40
Courtnay Braysher,Male,"€23,07",americanexpress,Computers,Germany,1:46:28
Bryant Pallis,Male,"€45,81",visa,Jewelry,Brazil,7:41:49
Natala Harston,Female,"€4,44",mastercard,Beauty,Portugal,16:36:54
Bevan Tezure,Male,"€29,20",visa,Movies,France,17:57:07
Wenona Ginner,Female,"€31,68",visa,Clothing,Portugal,17:53:49
Tammy Pritchitt,Male,"€27,41",americanexpress,Grocery,Brazil,19:22:56
Ermina Burless,Female,"€10,66",mastercard,Toys,Brazil,10:24:13
Laureen Thraves,Female,"€3,27",visa,Computers,Portugal,12:55:39
Phyllis Guillotin,Female,"€97,09",mastercard,Grocery,Portugal,0:44:33
Hilary Luckcuck,Male,"€79,47",mastercard,Shoes,France,21:54:36
Lionello Choppen,Male,"€33,63",visa,Grocery,Germany,20:39:29
Kaycee Leband,Female,"€19,14",americanexpress,Tools,Brazil,12:53:57
Sasha Petriello,Male,"€71,11",americanexpress,Clothing,France,15:35:08
Rebekkah Bennallck,Genderfluid,"€84,16",visa,Shoes,Argentina,12:15:09
Anne-marie Donson,Genderqueer,"€74,76",mastercard,Grocery,Brazil,5:50:02
Dulcea Stamps,Genderqueer,"€30,03",mastercard,Automotive,Portugal,12:19:08
Ardella Ladyman,Female,"€36,21",visa,Electronics,Portugal,11:49:57
Edyth Timmes,Female,"€45,65",visa,Jewelry,France,20:36:51
Demott Bain,Male,"€30,39",visa,Garden,France,6:26:30
Gerome Pevreal,Male,"€83,69",mastercard,Computers,Brazil,1:34:39
Gwendolin Peschmann,Female,"€2,99",visa,Shoes,Brazil,20:59:24
Alwin Renshall,Polygender,"€91,39",americanexpress,Tools,Argentina,16:15:01
Xylina Dabbs,Female,"€12,31",americanexpress,Kids,Portugal,16:41:40
Bobine Bertenshaw,Female,"€44,80",americanexpress,Shoes,France,13:28:35
Sholom Reed,Male,"€94,21",americanexpress,Sports,France,15:55:33
Bernie McBryde,Genderfluid,"€78,22",mastercard,Computers,France,0:00:49
Adriane Brundill,Female,"€86,77",americanexpress,Baby,Argentina,9:10:31
Randi Ivashkov,Female,"€54,03",americanexpress,Shoes,Portugal,15:32:54
Omero Bignall,Male,"€32,85",americanexpress,Toys,France,19:23:33
Reine Grundell,Genderfluid,"€36,83",americanexpress,Home,Argentina,1:22:48
Avril Cheesley,Female,"€30,59",visa,Baby,France,22:59:20
Buddie Kinsell,Male,"€16,27",visa,Electronics,Portugal,8:58:28
Raimundo Croy,Male,"€96,94",visa,Clothing,Argentina,15:19:32
Cello Szimon,Bigender,"€81,49",mastercard,Electronics,Brazil,8:38:15
Penny Wensley,Female,"€35,26",visa,Toys,Argentina,1:49:44
Guenevere Poppy,Female,"€36,30",visa,Baby,Argentina,20:47:26
Lynnette Klaessen,Female,"€37,22",mastercard,Books,Brazil,12:18:49
Hadleigh Filipic,Male,"€98,56",americanexpress,Computers,Brazil,14:36:12
Ryon Fawdry,Male,"€86,07",mastercard,Games,France,3:14:21
Bennett Dye,Male,"€25,26",americanexpress,Health,Portugal,3:40:43
York Skyram,Male,"€47,67",americanexpress,Books,Argentina,19:04:12
Ekaterina Yorkston,Female,"€87,76",visa,Beauty,Brazil,9:05:38
Devonna Sharman,Female,"€57,94",americanexpress,Tools,Argentina,20:54:58
Dan Davidsohn,Male,"€29,90",visa,Electronics,Portugal,22:36:54
Robbin Lechelle,Female,"€75,29",americanexpress,Home,France,13:50:50
Kalie Perton,Female,"€95,58",mastercard,Health,Argentina,22:48:58
Lem Van Velden,Male,"€97,09",visa,Tools,Portugal,15:13:56
Bette Cherryman,Female,"€70,32",visa,Computers,France,2:43:02
Felicdad Senchenko,Female,"€3,80",mastercard,Clothing,Argentina,15:02:18
Pier Matuska,Bigender,"€33,08",visa,Beauty,Portugal,22:15:23
Julina Storck,Female,"€47,62",americanexpress,Games,France,19:30:13
Charmian Zack,Female,"€45,89",visa,Music,Brazil,0:21:11
Maxine Collings,Genderqueer,"€22,90",americanexpress,Computers,Argentina,1:35:56
Sollie Polino,Male,"€40,66",mastercard,Toys,Portugal,8:22:33
Kitty Wallenger,Polygender,"€82,08",mastercard,Baby,Argentina,7:17:41
Lawrence McQuirk,Male,"€18,94",mastercard,Automotive,Portugal,14:07:11
Frederik Sollon,Male,"€18,35",visa,Shoes,Portugal,22:31:49
Grove Lavallie,Male,"€99,52",mastercard,Clothing,Portugal,11:03:36
Vivie Norfolk,Female,"€72,47",visa,Toys,Portugal,4:18:07
Quintina MacClay,Female,"€41,07",visa,Outdoors,Portugal,11:35:32
Norbert Jarrold,Male,"€49,57",americanexpress,Home,Portugal,17:54:52
Stormi Hintzer,Female,"€57,66",visa,Electronics,France,19:52:39
Dur Targetter,Male,"€87,02",mastercard,Movies,France,11:58:01
Virginia Dennison,Female,"€96,51",americanexpress,Jewelry,Brazil,21:01:25
Nial Fincham,Genderqueer,"€44,44",visa,Health,Brazil,8:11:01
Muffin Hinze,Female,"€93,91",americanexpress,Games,Brazil,19:45:17
Althea Eisak,Female,"€96,03",visa,Beauty,Brazil,6:28:45
Cosette O'Sherin,Female,"€39,67",mastercard,Clothing,France,0:43:40
Krispin Seelbach,Male,"€41,50",americanexpress,Music,Argentina,8:20:58
Hi Smittoune,Male,"€62,78",visa,Garden,Argentina,1:01:37
Niall Shakelade,Male,"€7,91",americanexpress,Jewelry,Argentina,0:10:26
Curtis Sisneros,Male,"€50,93",americanexpress,Kids,Brazil,10:29:27
Radcliffe Surgener,Male,"€98,96",visa,Clothing,France,23:15:12
Wallace Harraway,Male,"€92,36",visa,Computers,Brazil,23:12:09
Nelle Matushevich,Female,"€19,72",visa,Beauty,Portugal,23:11:20
Thor O'Lynn,Male,"€98,67",americanexpress,Health,France,17:16:26
Jenny Collimore,Female,"€13,32",mastercard,Sports,France,16:02:52
Ellswerth Kwietek,Male,"€53,92",mastercard,Sports,Brazil,22:47:11
Stacy Alston,Female,"€25,27",americanexpress,Automotive,Portugal,3:29:15
Coraline Ruddock,Female,"€11,16",visa,Clothing,Argentina,9:16:12
Cherin Metzel,Female,"€35,67",mastercard,Industrial,Argentina,3:15:05
Trudie Singyard,Female,"€28,15",visa,Clothing,Portugal,20:26:54
Amble Chaundy,Male,"€65,73",visa,Jewelry,Brazil,7:34:07
Rosanna Roggieri,Female,"€18,64",americanexpress,Kids,Brazil,15:08:50
Kylie Lemin,Male,"€76,43",mastercard,Jewelry,Portugal,23:57:51
Ludwig McClelland,Male,"€74,10",mastercard,Beauty,France,2:54:30
Umeko Mufford,Female,"€48,63",visa,Books,France,23:32:27
Peta Kirkam,Female,"€11,44",mastercard,Automotive,Portugal,13:59:09
Anni Andrea,Female,"€44,72",americanexpress,Automotive,Brazil,23:00:43
Malia Schulter,Female,"€67,39",mastercard,Beauty,Brazil,17:29:36
Ransom de Guise,Male,"€42,83",visa,Clothing,France,14:40:42
Rip Swainston,Male,"€40,06",visa,Home,Germany,20:27:27
Clarance Wylder,Male,"€49,60",americanexpress,Shoes,France,15:22:23
Benedikt Tettley,Male,"€77,78",visa,Grocery,Brazil,5:59:34
Marrissa Sandercock,Genderqueer,"€7,27",americanexpress,Clothing,Brazil,5:41:04
Carmelina Pleace,Female,"€0,11",mastercard,Shoes,France,22:35:31
Mandie McGavin,Female,"€11,82",visa,Sports,Portugal,22:34:57
Gardener Folan,Male,"€70,47",visa,Toys,Argentina,22:59:13
Vincenty Greenly,Male,"€98,40",americanexpress,Music,France,11:01:48
Sabine Middis,Female,"€3,05",americanexpress,Garden,France,2:13:24
Mignonne Fernandes,Female,"€78,13",mastercard,Movies,France,1:36:32
Gaile Milby,Male,"€98,29",visa,Toys,Brazil,23:54:14
Claribel Bremner,Female,"€91,64",mastercard,Books,Argentina,0:27:30
Elberta Haime,Female,"€97,97",mastercard,Electronics,Brazil,2:43:59
Robinetta Goly,Female,"€4,54",visa,Books,Argentina,20:39:19
Merridie Samett,Female,"€13,12",mastercard,Grocery,France,21:35:37
Helen-elizabeth Veschambre,Female,"€40,08",mastercard,Health,Portugal,16:55:16
Jarib Shotter,Bigender,"€38,84",americanexpress,Health,Brazil,8:40:03
Deck McDirmid,Male,"€93,13",americanexpress,Kids,Brazil,5:47:53
Corrine Stilwell,Female,"€30,78",visa,Beauty,Argentina,16:08:19
Alexi Welbrock,Female,"€63,73",americanexpress,Jewelry,Brazil,2:04:49
Bale Sent,Male,"€58,96",visa,Outdoors,Germany,15:49:00
Haleigh Krochmann,Female,"€96,89",mastercard,Automotive,France,19:21:02
Sutton Duplock,Male,"€35,37",mastercard,Industrial,France,13:32:34
Kirstyn Rippingall,Female,"€77,03",visa,Electronics,Brazil,8:53:32
Nolan Mangenet,Male,"€28,57",mastercard,Music,Brazil,4:07:56
Stefanie Raddenbury,Female,"€93,65",americanexpress,Shoes,Brazil,22:59:28
Freedman Greger,Male,"€80,57",americanexpress,Tools,Brazil,18:37:41
Tally Thornton,Female,"€20,05",mastercard,Garden,Argentina,20:46:02
Leland Woodnutt,Female,"€8,86",americanexpress,Toys,France,18:57:06
Carmita Reckless,Female,"€62,14",mastercard,Kids,France,12:22:07
Harmonia Crawforth,Female,"€58,99",mastercard,Automotive,France,20:06:55
Abbey Dearman,Male,"€45,59",visa,Beauty,Brazil,9:05:34
Smith Donaghy,Male,"€66,25",americanexpress,Movies,Argentina,15:59:56
Mamie Storrock,Female,"€43,02",americanexpress,Baby,France,14:32:59
Raquel Ivanichev,Female,"€69,69",americanexpress,Games,Argentina,9:48:21
Pavel Tilling,Male,"€88,99",visa,Grocery,Portugal,5:55:57
Angus Empson,Male,"€92,13",mastercard,Movies,Argentina,19:34:45
Carla Kiossel,Female,"€40,14",americanexpress,Outdoors,Brazil,14:25:40
Shaina Hassur,Female,"€97,47",mastercard,Music,Portugal,13:09:15
Valentia Leipold,Female,"€8,88",mastercard,Beauty,Brazil,10:11:40
Jaimie Roobottom,Female,"€43,49",visa,Games,Portugal,22:54:13
Kendricks Scriven,Male,"€63,32",visa,Garden,Portugal,13:38:09
Caryl Skelly,Male,"€13,91",visa,Automotive,France,7:46:26
Reinald Vasin,Male,"€66,76",mastercard,Sports,Brazil,13:54:29
Husein Jenik,Male,"€65,92",mastercard,Sports,Argentina,12:22:27
Horatia Shelp,Female,"€69,51",mastercard,Music,Brazil,5:13:44
Angus Cowherd,Male,"€71,68",mastercard,Movies,Argentina,22:30:38
Kirsti Hutchinges,Bigender,"€91,32",americanexpress,Music,Brazil,10:58:42
Cazzie Burker,Male,"€63,33",visa,Shoes,France,21:37:35
Lurlene Ronnay,Female,"€92,46",americanexpress,Computers,Brazil,7:43:33
Tally Croisier,Female,"€64,60",visa,Books,France,7:52:37
Shirlene Woodroof,Female,"€41,38",mastercard,Grocery,Argentina,4:16:37
Alice Garstang,Non-binary,"€9,24",mastercard,Baby,Portugal,18:29:24
Ernst Paffot,Male,"€69,17",visa,Tools,France,2:00:16
Torin Hawkett,Male,"€81,51",americanexpress,Health,France,8:31:13
Trefor Prisley,Male,"€8,69",americanexpress,Automotive,Argentina,23:07:08
Carter Steedman,Male,"€53,40",americanexpress,Electronics,Germany,13:22:37
Simon Jeandet,Male,"€74,30",visa,Industrial,Brazil,15:00:11
Taddeusz Riepel,Male,"€84,78",mastercard,Computers,France,4:36:44
Verine Sopp,Female,"€98,94",mastercard,Health,Brazil,19:55:30
Fields Book,Male,"€55,90",mastercard,Automotive,Brazil,23:56:27
Adelheid Gillam,Female,"€97,98",visa,Clothing,Argentina,16:23:01
Lesya Shilling,Female,"€18,60",mastercard,Jewelry,France,6:38:59
Kassie Sunock,Female,"€47,47",americanexpress,Toys,Portugal,21:49:27
Deane Troth,Male,"€51,55",mastercard,Industrial,Brazil,13:56:54
Rozalie Brandin,Female,"€43,52",americanexpress,Outdoors,Brazil,14:00:27
Peadar Southerden,Male,"€79,17",americanexpress,Movies,France,0:27:54
Durant Schoroder,Male,"€4,09",americanexpress,Health,Brazil,22:05:57
Berthe Wathall,Female,"€37,52",visa,Movies,France,5:40:02
Ugo Citrine,Male,"€17,07",americanexpress,Movies,Brazil,16:00:34
Inessa Pearlman,Female,"€20,95",visa,Electronics,Portugal,11:30:04
Pepillo Ivakin,Male,"€26,53",mastercard,Outdoors,France,15:09:06
Alick Rains,Agender,"€10,67",mastercard,Beauty,Portugal,15:28:23
Byron Spight,Male,"€81,17",mastercard,Books,France,18:46:34
Burke MacCorley,Male,"€36,38",americanexpress,Jewelry,Brazil,15:07:45
Victoir Daw,Male,"€40,34",visa,Music,Brazil,23:58:42
Augustine Braunston,Female,"€44,79",visa,Beauty,France,0:30:27
Millisent Blockley,Non-binary,"€55,03",visa,Clothing,Argentina,15:27:20
Cris Lakeland,Female,"€48,33",visa,Computers,Portugal,1:10:35
Rochelle Rossbrooke,Female,"€67,43",visa,Clothing,Brazil,10:13:16
Dominique Sisey,Male,"€36,10",americanexpress,Electronics,Spain,1:06:23
Rice Soan,Male,"€83,22",mastercard,Jewelry,Brazil,19:08:53
Doralia Licciardello,Female,"€81,74",americanexpress,Baby,Portugal,23:38:12
Nolie Snufflebottom,Female,"€54,17",mastercard,Garden,Brazil,17:08:07
Sarajane Iseton,Female,"€67,14",americanexpress,Books,Portugal,21:38:27
Ray Berens,Female,"€31,70",mastercard,Grocery,Brazil,14:07:21
Sandi Bagg,Female,"€45,34",americanexpress,Movies,Portugal,3:07:29
Maure McGillecole,Female,"€75,32",mastercard,Toys,Portugal,12:47:36
Addy MacNeachtain,Male,"€99,65",mastercard,Home,Portugal,12:01:37
Durant Simak,Male,"€49,62",visa,Jewelry,Portugal,2:58:47
Bartholomeo Woolford,Male,"€43,50",mastercard,Electronics,Portugal,16:16:24
Jarrid Ower,Male,"€34,71",visa,Clothing,Portugal,22:43:39
Hansiain Tevlin,Male,"€69,90",visa,Jewelry,Argentina,3:12:39
Zelig Gerhartz,Polygender,"€19,78",visa,Beauty,Brazil,10:05:51
Georas Bagge,Male,"€60,30",americanexpress,Automotive,Brazil,14:10:55
Zabrina Klasing,Female,"€50,17",americanexpress,Baby,France,18:27:38
Benedicta Itzkovsky,Female,"€70,78",americanexpress,Shoes,Portugal,21:03:17
See Ferenczi,Male,"€59,11",americanexpress,Automotive,Portugal,3:32:09
Eleanore Santus,Female,"€32,11",mastercard,Movies,Brazil,2:56:45
Em Bulcock,Female,"€97,24",visa,Jewelry,Brazil,18:39:44
Carlin O'Hickee,Male,"€27,66",visa,Music,Argentina,18:20:08
Karol Beange,Female,"€15,68",mastercard,Home,France,2:47:06
Wandie Hassur,Female,"€85,23",visa,Industrial,Brazil,12:00:14
Ryley Kenningham,Male,"€76,54",americanexpress,Games,France,12:24:36
Carrie Bodechon,Female,"€8,80",visa,Sports,Argentina,9:51:47
Gabi Wyllis,Female,"€80,18",americanexpress,Home,Portugal,20:25:37
Ophelia Oldam,Polygender,"€59,76",visa,Baby,Portugal,18:11:21
Archibald Broadhead,Male,"€81,15",mastercard,Home,Portugal,22:51:06
Marty Brownscombe,Female,"€51,45",visa,Grocery,Portugal,1:16:30
Seline Raphael,Female,"€34,10",visa,Toys,Brazil,13:21:26
Patsy Eykelbosch,Female,"€17,52",mastercard,Outdoors,Brazil,10:06:45
Stanislaw Lapslie,Male,"€57,69",mastercard,Music,Brazil,23:48:01
Kathryn Ledwidge,Female,"€59,17",americanexpress,Outdoors,France,11:18:20
Rick Linke,Male,"€73,85",visa,Clothing,France,2:49:23
Aarika Gowlett,Female,"€42,17",mastercard,Health,France,22:35:29
Cherise Cullagh,Female,"€63,65",americanexpress,Games,Brazil,13:10:29
Hilton Boustred,Male,"€43,21",mastercard,Garden,France,23:47:48
Danit Lamar,Female,"€31,02",americanexpress,Beauty,Brazil,0:47:46
Elysia Glasbey,Female,"€22,07",americanexpress,Industrial,France,10:05:57
Travis Lies,Male,"€11,01",visa,Sports,France,3:31:19
Pepe Banaszczyk,Male,"€85,50",americanexpress,Toys,Portugal,7:07:47
Audy Musto,Female,"€72,00",americanexpress,Kids,Portugal,22:05:46
Clemens Pascow,Male,"€17,57",visa,Electronics,Spain,14:07:05
Humfrey Gresch,Male,"€49,59",visa,Baby,France,11:06:53
Lovell Lortzing,Male,"€95,55",visa,Clothing,Brazil,18:41:12
Mary Di Francesco,Female,"€90,36",americanexpress,Tools,France,5:03:58
Templeton Wathall,Male,"€94,78",visa,Kids,Portugal,10:56:22
Kiersten McEnery,Agender,"€17,02",mastercard,Toys,France,3:54:50
Bobbette Baruch,Female,"€7,38",americanexpress,Clothing,Brazil,19:40:19
Chester Hume,Male,"€20,72",americanexpress,Grocery,Portugal,12:52:44
Carlota Strass,Female,"€26,87",americanexpress,Home,Portugal,13:55:21
Jaymee Stoeckle,Female,"€67,25",visa,Games,Portugal,5:30:23
Sofie Carnduff,Female,"€80,44",visa,Music,Brazil,8:29:38
Trent Pattullo,Male,"€41,57",americanexpress,Clothing,Brazil,21:58:09
Anatol Calcott,Male,"€41,23",mastercard,Toys,France,14:49:54
Glynis Von Der Empten,Female,"€41,42",mastercard,Music,Portugal,14:02:28
Concordia Pummery,Female,"€68,28",americanexpress,Toys,Brazil,4:42:02
Rosene Braikenridge,Female,"€3,70",americanexpress,Baby,France,5:41:07
Farlie McClunaghan,Male,"€49,75",mastercard,Toys,Brazil,9:56:41
Dehlia Bakewell,Female,"€9,45",americanexpress,Garden,Argentina,6:30:17
Joela Buxey,Female,"€16,27",visa,Grocery,Portugal,5:49:13
Enrique Beveridge,Male,"€89,16",visa,Sports,Portugal,18:00:07
Kati Mintoff,Female,"€37,12",americanexpress,Health,Portugal,6:29:21
Derby Cuer,Male,"€75,26",visa,Kids,Portugal,9:11:31
Jermain Corbishley,Male,"€79,19",mastercard,Baby,France,6:02:12
Glyn Benam,Male,"€2,58",visa,Movies,Brazil,23:02:31
Fax Aspital,Male,"€90,15",americanexpress,Home,Argentina,6:44:54
Montague Rickets,Male,"€19,96",visa,Health,Portugal,9:16:26
Doris Gelardi,Female,"€49,19",mastercard,Movies,Portugal,9:01:46
Rosaleen Tertre,Female,"€99,48",visa,Movies,Portugal,0:40:28
Cynde Edgler,Female,"€70,26",americanexpress,Music,Brazil,22:07:05
Eileen Blann,Female,"€71,66",mastercard,Music,Brazil,3:18:16
Anselma Itzkovwich,Female,"€77,40",mastercard,Home,France,14:31:18
Robina Kitchiner,Female,"€7,64",visa,Toys,Brazil,20:49:52
Marcus Etheredge,Male,"€88,22",mastercard,Music,France,10:08:10
Yance Boatman,Male,"€18,09",mastercard,Games,Brazil,13:04:57
Terence Dresse,Male,"€41,84",visa,Sports,Portugal,5:07:45
Valaree Greenman,Female,"€15,71",visa,Outdoors,France,3:10:54
Carry Bedle,Female,"€31,80",visa,Baby,France,3:06:22
Maia Beckingham,Female,"€30,98",mastercard,Garden,Brazil,4:44:27
Cecil Abbets,Female,"€84,42",visa,Industrial,Argentina,10:40:28
Jeffry Ainsby,Non-binary,"€56,42",americanexpress,Kids,Brazil,11:21:37
Teddie Tregiddo,Agender,"€72,70",mastercard,Health,France,5:32:03
Suki Hast,Female,"€81,27",visa,Kids,Germany,3:22:27
Fabe Looney,Male,"€70,55",americanexpress,Health,Portugal,15:23:35
North Pentland,Bigender,"€38,13",visa,Garden,Brazil,21:14:25
Elfreda Swainson,Female,"€63,30",americanexpress,Shoes,Portugal,3:06:54
Boony Beakes,Male,"€60,88",mastercard,Toys,France,6:28:16
Melly Van Waadenburg,Female,"€92,89",americanexpress,Books,Brazil,21:24:38
Efren Wythill,Male,"€13,79",visa,Beauty,Portugal,9:46:10
Madison Barker,Male,"€42,82",americanexpress,Sports,Portugal,6:41:03
Louis Hembry,Male,"€75,69",americanexpress,Grocery,Brazil,7:26:46
Delphine Lente,Female,"€62,62",americanexpress,Outdoors,Brazil,17:06:12
Jackelyn Hissett,Female,"€94,52",americanexpress,Health,Brazil,8:48:56
Marv Klesl,Male,"€68,55",visa,Kids,Brazil,21:02:15
Lothario Wakenshaw,Male,"€91,79",americanexpress,Toys,Brazil,7:30:39
Denise Abrahm,Female,"€63,41",americanexpress,Toys,Brazil,4:18:51
Neill Stenbridge,Genderfluid,"€88,45",americanexpress,Grocery,France,1:38:42
Padriac Tilte,Male,"€18,52",mastercard,Music,France,16:51:51
Caz Orange,Male,"€25,07",mastercard,Movies,Argentina,12:53:06
Michaeline Greader,Female,"€82,56",americanexpress,Health,Brazil,12:06:02
Hurleigh Vinsen,Male,"€45,00",mastercard,Home,Brazil,17:21:02
Ervin Huriche,Male,"€78,29",americanexpress,Jewelry,Brazil,13:28:28
Judon Mil,Male,"€31,10",mastercard,Automotive,France,1:23:39
Cybil Hessing,Female,"€24,86",mastercard,Clothing,Portugal,2:56:56
Inna Camplin,Female,"€13,20",mastercard,Automotive,Brazil,8:09:32
Margie Claw,Agender,"€93,49",mastercard,Garden,Brazil,17:40:18
Dianemarie McIntosh,Female,"€42,45",americanexpress,Grocery,France,2:17:21
Korry Farnill,Non-binary,"€16,25",mastercard,Grocery,France,19:48:06
Jenine Wanek,Female,"€42,76",mastercard,Toys,Brazil,1:49:28
Nelle Aikin,Female,"€34,90",mastercard,Tools,Argentina,13:59:36
Alyson Lemmens,Female,"€13,09",visa,Baby,Portugal,22:04:51
Bennie Bellay,Male,"€17,12",americanexpress,Automotive,Brazil,7:17:02
Vincents Rennock,Male,"€13,66",mastercard,Sports,Spain,2:30:14
Emmott Tonner,Male,"€11,87",americanexpress,Movies,France,9:51:07
Clara Morter,Female,"€55,86",americanexpress,Beauty,France,14:07:43
Lil Morrieson,Female,"€89,00",americanexpress,Health,Portugal,13:52:52
Grove Gerg,Male,"€70,25",mastercard,Outdoors,Portugal,13:15:00
Quintus Cloke,Male,"€18,73",mastercard,Music,Argentina,4:39:03
Iorgo Sanpher,Male,"€8,70",visa,Baby,Brazil,2:20:41
Giff Farleigh,Male,"€36,86",mastercard,Industrial,Portugal,7:17:43
Karlik Riddich,Male,"€7,28",mastercard,Home,Brazil,5:12:29
Cly Devonish,Male,"€64,53",americanexpress,Health,Portugal,15:22:40
Bartolomeo Reuss,Male,"€41,47",americanexpress,Computers,Portugal,12:15:41
Marnie Raddon,Female,"€95,37",visa,Home,France,0:17:34
Paxon Jagels,Male,"€90,18",mastercard,Grocery,Portugal,15:00:47
Elyn Dinis,Female,"€27,55",visa,Shoes,Brazil,1:27:20
Rita Samter,Female,"€53,98",visa,Health,Argentina,9:14:36
Maurita Cummins,Female,"€68,42",visa,Shoes,France,19:28:48
Che Nason,Agender,"€14,73",visa,Games,Brazil,11:53:41
Talyah Aberkirder,Female,"€10,99",americanexpress,Movies,France,5:29:48
Nert Blewis,Female,"€30,31",visa,Grocery,France,13:21:15
Barnett Kunes,Non-binary,"€45,71",americanexpress,Clothing,Portugal,23:06:31
Gregoor Fant,Male,"€54,29",americanexpress,Books,Brazil,16:03:54
Kirsteni Rosengart,Female,"€86,35",mastercard,Clothing,Portugal,22:50:46
Tamara Ralling,Female,"€38,00",americanexpress,Sports,Portugal,3:15:01
Frasco Cleaton,Male,"€90,25",americanexpress,Games,Argentina,22:05:38
Lexis Kildea,Female,"€77,65",mastercard,Electronics,Brazil,8:22:44
Mellicent Shellcross,Polygender,"€4,74",americanexpress,Books,Portugal,12:02:43
William Comazzo,Male,"€74,68",americanexpress,Garden,France,7:34:46
Melody Micah,Agender,"€22,66",mastercard,Books,Portugal,22:53:15
Kacy Du Fray,Female,"€48,93",americanexpress,Automotive,Brazil,8:05:02
Giordano Pawelec,Agender,"€31,53",visa,Computers,France,18:26:16
Truman Kanter,Male,"€84,83",mastercard,Jewelry,Argentina,23:15:39
Phillida Mullane,Polygender,"€94,64",mastercard,Computers,France,13:46:30
Lanie Conley,Male,"€7,32",visa,Garden,Argentina,5:04:52
Beth Foskett,Female,"€78,90",mastercard,Toys,Brazil,16:21:20
Vanya Garham,Female,"€8,49",mastercard,Home,France,1:54:02
Jarret Creeber,Male,"€59,24",mastercard,Electronics,Portugal,21:27:03
Wyatan Maud,Male,"€11,44",visa,Beauty,Portugal,19:06:04
Jaquenette Ayer,Female,"€82,42",visa,Tools,Portugal,9:25:13
Randall Hotson,Male,"€42,16",mastercard,Movies,France,22:13:12
Hymie Demke,Male,"€44,84",americanexpress,Books,Brazil,11:56:13
Peg Valente,Female,"€72,44",americanexpress,Books,Portugal,0:31:50
Christy Houdhury,Male,"€32,11",americanexpress,Clothing,Brazil,18:57:39
Dodie Ondricek,Female,"€25,06",visa,Home,Brazil,12:00:43
Burke Clissold,Male,"€16,38",americanexpress,Music,Argentina,12:44:45
Nadine Devon,Female,"€57,70",visa,Books,Portugal,19:53:34
Gilbert Stuehmeyer,Male,"€47,93",mastercard,Tools,Brazil,11:40:47
Juliana Keiling,Female,"€7,44",visa,Automotive,France,9:13:27
Doris Critch,Female,"€11,11",mastercard,Automotive,Brazil,14:18:47
Bobinette Toderini,Female,"€1,41",mastercard,Industrial,Portugal,13:08:50
Jada Ottey,Female,"€13,83",mastercard,Electronics,Portugal,21:37:59
Catie Astupenas,Female,"€1,88",visa,Automotive,Portugal,14:11:48
Tatiania Balogh,Female,"€36,88",visa,Computers,Brazil,8:05:45
Helaine Vitler,Female,"€41,60",americanexpress,Jewelry,Spain,7:16:48
Nester Dreher,Male,"€31,78",mastercard,Garden,Spain,7:41:34
Byran Shrimpling,Male,"€68,26",mastercard,Tools,France,1:07:38
Neda Polglase,Female,"€74,23",visa,Beauty,Argentina,12:01:41
Darice Smout,Non-binary,"€10,10",mastercard,Clothing,France,3:09:27
Neille Beentjes,Agender,"€45,37",mastercard,Baby,Portugal,18:56:56
Ethelind Symmers,Female,"€32,97",visa,Clothing,Brazil,12:34:55
Magnum Woodwin,Male,"€0,86",mastercard,Movies,Brazil,18:53:19
Brit Mugford,Female,"€84,60",visa,Grocery,Brazil,2:30:31
Allyn Donnan,Female,"€14,87",visa,Outdoors,France,23:02:47
Mikael Silbermann,Male,"€64,38",mastercard,Sports,Portugal,1:41:11
Zitella Penkman,Female,"€22,05",visa,Beauty,France,8:31:30
Caressa Vernon,Female,"€14,80",americanexpress,Outdoors,Portugal,21:39:48
Clemente Trowler,Male,"€82,48",mastercard,Industrial,Portugal,21:37:25
Doralynn Bernardeau,Genderfluid,"€43,79",mastercard,Toys,Argentina,5:37:29
Neilla Metschke,Genderfluid,"€98,13",americanexpress,Electronics,Portugal,6:16:33
Ichabod Depke,Male,"€73,04",visa,Games,Portugal,0:24:20
Edee Ivanenkov,Female,"€21,73",mastercard,Garden,France,4:32:02
Fax Cullip,Male,"€95,46",americanexpress,Computers,Portugal,4:04:09
Ella Georgot,Female,"€84,59",visa,Games,France,8:51:12
Stephana Clohessy,Female,"€47,25",mastercard,Automotive,Portugal,3:11:42
Neel Jedraszczyk,Genderfluid,"€81,70",americanexpress,Music,France,2:01:58
Briana Rijkeseis,Female,"€8,81",visa,Beauty,Brazil,21:05:12
Grata Sergeaunt,Female,"€54,70",visa,Tools,Argentina,3:20:47
Stanwood Abramow,Male,"€8,99",mastercard,Baby,Brazil,15:25:26
Adrianne Jeandin,Female,"€34,44",visa,Toys,France,19:20:29
Essie Askell,Female,"€20,53",americanexpress,Kids,Brazil,14:05:35
Jerrine Goodding,Female,"€42,54",mastercard,Books,France,2:58:37
Lock Dossantos,Male,"€66,13",mastercard,Clothing,Argentina,22:26:29
Justen Ben,Male,"€3,58",visa,Home,Brazil,7:20:10
Roselia Rachuig,Female,"€0,04",mastercard,Music,Argentina,23:28:44
Ned Tytterton,Male,"€4,98",visa,Jewelry,Portugal,11:27:17
Valery Ashley,Agender,"€75,15",mastercard,Outdoors,France,23:25:06
Pearce Fellos,Genderfluid,"€78,82",americanexpress,Jewelry,Brazil,22:41:26
Cher Rizzetti,Female,"€10,95",visa,Tools,Argentina,6:55:03
Lise Diperaus,Female,"€77,47",americanexpress,Electronics,Portugal,20:35:32
Marcella Vizard,Female,"€16,28",visa,Kids,Argentina,22:04:39
Richard Denyakin,Bigender,"€68,32",mastercard,Jewelry,Portugal,0:17:20
Nelie Godridge,Female,"€2,76",visa,Automotive,France,23:32:45
Lori Lagen,Female,"€48,60",visa,Home,France,14:04:42
Wheeler Dumbarton,Male,"€60,87",visa,Beauty,Portugal,17:59:54
Rustin Ruddle,Male,"€98,39",mastercard,Shoes,France,0:20:54
Tadeo Arcase,Polygender,"€48,78",americanexpress,Books,France,1:04:20
Marsiella Sprowles,Female,"€54,73",mastercard,Industrial,France,17:10:36
Josias Garnam,Male,"€2,30",americanexpress,Kids,France,19:19:24
Myrtia Bonar,Female,"€52,11",mastercard,Sports,Portugal,5:13:54
Eulalie Pinchen,Female,"€85,96",mastercard,Movies,Argentina,6:28:13
Cori Brooksbank,Male,"€97,85",visa,Grocery,France,7:28:27
Noemi Rudgley,Female,"€99,29",visa,Kids,France,1:29:49
Celestina Shelmardine,Non-binary,"€2,12",visa,Jewelry,Brazil,22:00:05
Juana Hanwell,Female,"€94,43",visa,Sports,Portugal,23:31:29
Blake Zellner,Male,"€10,90",visa,Shoes,Portugal,6:54:22
Flora Noller,Female,"€77,97",visa,Shoes,Brazil,10:59:15
Melicent Brickham,Female,"€16,65",mastercard,Computers,Brazil,0:55:15
Ramonda Stoyles,Female,"€47,68",mastercard,Jewelry,Portugal,8:32:58
Baryram Bachura,Male,"€37,91",visa,Movies,Portugal,3:41:52
Sal Lysaght,Male,"€63,41",mastercard,Computers,Brazil,23:43:32
Ber Perassi,Male,"€64,62",americanexpress,Health,France,8:10:57
Myra Budibent,Female,"€94,09",visa,Toys,Portugal,22:23:17
Aube Eloy,Male,"€94,85",visa,Tools,Brazil,11:56:58
Rodi Kahane,Female,"€15,44",mastercard,Grocery,France,5:20:48
Giselbert Wyborn,Male,"€22,30",americanexpress,Books,Germany,14:25:36
Russ Baversor,Bigender,"€3,26",visa,Movies,Brazil,6:24:04
Naoma Mole,Female,"€44,81",visa,Clothing,Brazil,14:51:02
Pavla Kebell,Female,"€82,80",visa,Toys,Portugal,3:26:22
Helaina Dane,Female,"€10,71",mastercard,Tools,Brazil,22:18:53
Moss Swalwell,Male,"€47,02",mastercard,Beauty,France,10:49:26
Van Robard,Male,"€20,69",mastercard,Garden,Brazil,21:09:09
Irvine Dibdale,Genderfluid,"€54,06",americanexpress,Computers,France,22:39:42
Keane Fasey,Male,"€37,41",mastercard,Tools,Portugal,11:52:21
Simmonds Moine,Male,"€39,38",mastercard,Clothing,Brazil,8:31:59
Reba Morena,Female,"€82,20",mastercard,Garden,Argentina,23:09:09
Dulcinea Lowdyane,Non-binary,"€59,41",mastercard,Sports,Brazil,6:54:07
Garald Croneen,Male,"€90,20",mastercard,Computers,Portugal,1:05:27
Worth Dakhno,Male,"€54,07",mastercard,Outdoors,Brazil,13:14:40
Nina Dunsleve,Genderqueer,"€89,57",americanexpress,Music,Argentina,3:22:20
Winifield Pellissier,Male,"€43,89",americanexpress,Toys,France,0:49:33
Valery Tomasoni,Female,"€85,55",mastercard,Health,Portugal,9:43:04
Yoshiko Kaley,Genderfluid,"€91,06",americanexpress,Automotive,Portugal,23:12:45
Brittney Ludy,Female,"€0,71",visa,Clothing,France,12:29:43
Jon Thorpe,Male,"€77,63",americanexpress,Computers,Portugal,0:14:43
Paulo Smedmoor,Male,"€51,83",americanexpress,Tools,France,11:12:40
Riobard Rigate,Male,"€12,00",visa,Beauty,France,17:10:29
Jerrie Orhrt,Female,"€38,37",visa,Computers,Argentina,5:30:25
Sibbie Baal,Genderqueer,"€7,16",americanexpress,Garden,Brazil,8:40:13
Gannie Cork,Male,"€67,76",visa,Garden,Brazil,2:41:23
Gnni Petters,Female,"€40,97",americanexpress,Jewelry,France,1:08:58
Pamella Leavy,Agender,"€99,93",mastercard,Shoes,France,8:25:50
Hortense Dawbery,Female,"€6,33",mastercard,Baby,Brazil,6:23:34
Andy Domb,Male,"€4,58",visa,Music,France,20:52:28
Rollo Bagwell,Male,"€73,92",visa,Tools,Brazil,13:45:41
Linnie Piddocke,Female,"€85,33",americanexpress,Home,Brazil,18:48:46
Kalvin Smoughton,Bigender,"€69,88",visa,Kids,Brazil,19:29:35
Immanuel Bogart,Male,"€96,33",visa,Automotive,Portugal,3:01:43
Stearn Zuan,Male,"€41,26",americanexpress,Music,Argentina,5:19:33
Lothario Daintith,Male,"€73,90",mastercard,Baby,Argentina,15:32:14
Violante O' Cuolahan,Female,"€43,54",visa,Jewelry,Argentina,1:59:39
Annelise Mowbray,Female,"€42,35",mastercard,Music,Portugal,2:59:02
Bennie Geaney,Female,"€49,46",visa,Games,Portugal,23:09:25
Ellery Tofanelli,Male,"€44,16",mastercard,Books,Argentina,21:27:48
Karola Gladdolph,Female,"€28,30",mastercard,Toys,France,6:40:42
Ingram Dincke,Male,"€47,23",visa,Garden,France,16:24:46
Jamil Quiddihy,Male,"€8,93",americanexpress,Grocery,France,9:05:15
Arron Everiss,Male,"€35,60",mastercard,Jewelry,Portugal,8:27:14
Billy Heathcott,Male,"€52,53",mastercard,Automotive,France,9:25:50
Stewart Orpyne,Male,"€35,37",americanexpress,Shoes,Brazil,18:23:45
Vasily Benfield,Male,"€69,81",visa,Computers,France,18:18:09
Bartholomeus Dusting,Male,"€92,34",visa,Grocery,Germany,18:41:22
Zora Reignolds,Non-binary,"€90,61",visa,Baby,Brazil,18:20:32
Alfreda Banthorpe,Female,"€66,98",mastercard,Games,France,20:44:21
Eula Baden,Female,"€64,18",visa,Books,Portugal,17:03:30
Adelbert Dearle-Palser,Male,"€89,18",visa,Health,France,23:53:23
Nikki Quan,Agender,"€82,03",americanexpress,Toys,France,18:31:45
Mallory Braham,Female,"€37,02",visa,Music,Brazil,21:23:52
Tova Maith,Female,"€20,97",americanexpress,Grocery,Brazil,1:32:41
Rhody Vivian,Female,"€51,72",visa,Home,France,16:52:56
Sashenka Hayes,Polygender,"€19,81",visa,Music,France,8:04:49
Rip BURWIN,Male,"€69,71",visa,Shoes,Portugal,2:22:51
Elton Frammingham,Male,"€27,15",visa,Outdoors,France,0:43:16
Marris Barnwall,Polygender,"€60,92",visa,Jewelry,Argentina,16:44:47
Gilberta Coo,Female,"€27,72",americanexpress,Movies,Portugal,9:57:31
Merrill McQueen,Female,"€48,17",mastercard,Automotive,France,13:16:30
Almeria Ricardot,Female,"€81,17",visa,Tools,France,8:52:33
Phillipp Vanini,Male,"€8,11",americanexpress,Toys,France,2:49:40
Else Deporte,Female,"€48,73",mastercard,Outdoors,Portugal,13:06:44
Orella Pentycross,Female,"€54,96",mastercard,Tools,Portugal,3:47:07
Ahmed Halston,Male,"€63,12",mastercard,Games,Portugal,20:01:54
Binky Dericot,Male,"€89,53",americanexpress,Toys,Argentina,15:59:56
Arte Pantling,Male,"€51,53",visa,Health,Portugal,23:27:32
Odell Roddy,Male,"€3,18",americanexpress,Tools,Portugal,8:22:41
Roanne Enevold,Female,"€88,27",visa,Music,Portugal,14:12:50
Early Connue,Male,"€28,86",americanexpress,Industrial,France,5:40:14
Audrey Allcock,Female,"€61,90",mastercard,Jewelry,Brazil,8:15:51
Cal Oldford,Male,"€43,35",americanexpress,Baby,Portugal,11:10:19
Gery Emlen,Male,"€84,70",mastercard,Automotive,Argentina,18:48:35
Rubin Lubomirski,Male,"€75,74",mastercard,Kids,Portugal,6:23:24
Wilt Letteresse,Male,"€34,95",americanexpress,Garden,Portugal,12:57:37
Matt Guerner,Male,"€23,18",americanexpress,Automotive,Portugal,8:42:03
Itch Brasted,Male,"€76,86",visa,Automotive,Brazil,19:11:09
Uri Klarzynski,Male,"€32,46",mastercard,Toys,France,11:32:32
Dawna Chapell,Genderfluid,"€61,84",visa,Industrial,Argentina,9:01:25
Abigael Proppers,Female,"€64,12",mastercard,Sports,Brazil,9:46:17
Magdalen Bertie,Polygender,"€80,07",mastercard,Jewelry,Portugal,21:32:39
Muhammad Lynd,Male,"€92,23",americanexpress,Clothing,France,12:57:08
Sarina Barnfather,Female,"€4,84",visa,Toys,Portugal,16:56:10
Hyacintha Wyant,Female,"€51,41",americanexpress,Outdoors,Argentina,13:09:33
Berk Richmont,Male,"€66,35",americanexpress,Sports,Spain,22:52:18
Petey Blagdon,Male,"€99,44",americanexpress,Industrial,Brazil,10:00:22
Angil Road,Female,"€66,29",visa,Electronics,Portugal,6:41:51
Morrie Grishinov,Male,"€53,91",americanexpress,Sports,Portugal,18:58:10
Kelsi Dametti,Female,"€41,46",visa,Home,Brazil,17:38:01
Yancey Drewery,Male,"€82,77",visa,Music,Portugal,7:12:42
Ariella Pirazzi,Female,"€17,80",visa,Kids,France,14:08:16
Adriaens Birchwood,Female,"€26,27",mastercard,Toys,Portugal,11:56:44
Elinore Kempe,Female,"€37,50",mastercard,Clothing,Portugal,11:08:09
Winn Leijs,Male,"€61,62",americanexpress,Movies,Portugal,2:58:52
Hurley Waterson,Male,"€9,29",visa,Sports,Portugal,17:39:52
Othello Hoyles,Male,"€14,92",americanexpress,Beauty,France,11:51:01
Granger Monteath,Male,"€73,33",visa,Electronics,Portugal,23:10:36
Loria Sieve,Female,"€59,67",visa,Health,Brazil,17:17:43
Pammie Patullo,Female,"€35,78",americanexpress,Clothing,Brazil,4:52:25
Talbert Pickup,Male,"€67,58",mastercard,Toys,Portugal,14:31:07
Clemmie Dederich,Agender,"€70,98",mastercard,Movies,Portugal,21:58:42
Chrisse Delhay,Male,"€18,97",mastercard,Computers,Brazil,12:42:36
Lizzy Lacotte,Female,"€97,12",visa,Automotive,France,8:56:20
Karl Ortler,Male,"€80,63",visa,Home,Argentina,5:04:23
Stefan Tumilty,Male,"€81,92",americanexpress,Computers,Brazil,22:44:19
Lewiss Wicklin,Male,"€57,28",americanexpress,Books,France,14:34:24
Sheri Carss,Female,"€86,43",visa,Electronics,France,9:50:33
Ringo Jira,Male,"€73,25",mastercard,Books,Brazil,16:02:10
Dodie Pocknell,Female,"€18,96",visa,Beauty,Brazil,4:11:17
Carmelita Goymer,Female,"€0,79",mastercard,Grocery,France,1:02:56
Phineas Tangye,Male,"€75,02",americanexpress,Computers,Brazil,4:27:25
Matthaeus Cade,Male,"€99,25",americanexpress,Movies,Germany,10:35:32
Sissy Kunzelmann,Female,"€98,55",mastercard,Tools,France,3:57:37
Kaylyn Flade,Female,"€78,53",mastercard,Garden,France,12:19:04
Obie Crocombe,Male,"€69,62",americanexpress,Electronics,France,7:09:10
Gawen Cicccitti,Male,"€78,58",visa,Home,Argentina,13:51:28
Myranda Dyte,Female,"€62,13",americanexpress,Electronics,Brazil,10:57:45
Paulie Mate,Female,"€92,25",americanexpress,Automotive,Brazil,8:38:50
Trude Kennagh,Female,"€33,74",visa,Tools,Argentina,20:53:42
Rosana Coggeshall,Female,"€83,94",americanexpress,Outdoors,Germany,23:58:10
Myrle Jantel,Female,"€73,82",americanexpress,Shoes,Argentina,11:33:31
Kane Aloway,Male,"€23,56",americanexpress,Games,Brazil,1:34:30
Marchall Pettecrew,Male,"€19,67",mastercard,Music,Brazil,11:17:54
Garwood Poacher,Male,"€63,80",visa,Books,Brazil,4:20:32
Hirsch Eakley,Male,"€22,95",mastercard,Clothing,Argentina,9:46:22
Arvin Matuskiewicz,Male,"€27,33",americanexpress,Toys,Brazil,6:23:56
Eamon Forsdicke,Male,"€60,28",visa,Grocery,France,3:15:26
Lucina Mitham,Agender,"€2,69",mastercard,Garden,Brazil,14:15:33
Mari Ughi,Bigender,"€58,66",mastercard,Beauty,Argentina,15:21:14
Lacie Risebrow,Female,"€7,71",visa,Automotive,France,7:54:26
Kimberlee Fielding,Female,"€93,94",americanexpress,Kids,Portugal,17:43:45
Jacintha Hellicar,Female,"€34,76",americanexpress,Computers,Brazil,3:45:23
Gretna Askam,Female,"€87,17",americanexpress,Automotive,France,2:33:56
Brig Larrat,Male,"€38,35",americanexpress,Baby,France,18:23:11
Giffie McKibbin,Male,"€60,38",mastercard,Books,Brazil,10:38:20
Christen Gyves,Female,"€71,36",visa,Home,France,22:27:53
Cathrin MacTague,Female,"€3,39",mastercard,Sports,Spain,22:14:34
Jeffy Perchard,Male,"€56,29",visa,Electronics,Brazil,18:30:41
Bertie Carrett,Female,"€75,76",mastercard,Games,Argentina,22:02:27
Zollie Jewell,Male,"€73,45",americanexpress,Garden,Brazil,17:25:44
Niles Packer,Male,"€86,82",visa,Kids,Portugal,5:14:47
Dot Probbings,Female,"€48,37",americanexpress,Garden,Portugal,0:06:12
Fee Gratland,Male,"€48,48",mastercard,Toys,France,17:03:19
Maryrose Torricina,Female,"€53,20",visa,Movies,Brazil,13:35:44
Freeman Jaquemar,Male,"€95,86",mastercard,Tools,Argentina,14:37:25
Philbert Lackner,Male,"€69,61",visa,Shoes,Argentina,0:30:03
Courtenay Inkpen,Agender,"€42,68",visa,Baby,Brazil,10:16:15
Janine Stanning,Non-binary,"€49,19",visa,Baby,France,23:47:14
Andrus Balmer,Male,"€73,78",mastercard,Health,Portugal,20:48:40
Bondon Mergue,Male,"€21,80",americanexpress,Kids,Spain,23:44:58
Georgeanna Zannutti,Female,"€5,24",mastercard,Garden,Argentina,16:19:09
Kit Clough,Female,"€20,33",visa,Computers,Portugal,0:52:30
Caren Northedge,Female,"€75,51",visa,Electronics,Brazil,17:59:58
Boot Scotchmore,Male,"€6,52",visa,Health,Portugal,4:25:41
Giff Jacqueme,Male,"€12,14",americanexpress,Baby,France,7:57:06
Avie Baud,Female,"€1,51",mastercard,Jewelry,Germany,23:55:05
Darbie Durning,Female,"€73,80",visa,Grocery,France,22:07:16
Marijn Merrick,Male,"€38,25",mastercard,Music,Portugal,19:25:52
Frederik Spoor,Agender,"€35,44",visa,Music,Argentina,5:55:21
Charlene Penhearow,Female,"€74,01",visa,Sports,France,21:37:57
Stanton Borsnall,Male,"€97,87",americanexpress,Shoes,France,4:55:55
Lyman Hoyte,Male,"€39,41",mastercard,Grocery,France,10:22:38
Janelle Milmoe,Female,"€28,78",mastercard,Clothing,Brazil,12:46:09
Lelia Drowsfield,Female,"€26,37",mastercard,Jewelry,Portugal,20:42:19
Jacintha Collacombe,Female,"€94,77",mastercard,Baby,Argentina,20:27:18
Web Gwynn,Non-binary,"€90,60",mastercard,Grocery,Brazil,12:44:54
Fawn Barthelemy,Female,"€79,83",americanexpress,Automotive,Brazil,10:37:40
Wanids Bultitude,Female,"€56,78",americanexpress,Health,Argentina,13:42:27
Jaquelyn Doctor,Female,"€75,65",americanexpress,Grocery,Brazil,3:27:25
Cass Burland,Female,"€47,99",visa,Sports,France,9:59:54
Estevan Lebbon,Male,"€91,21",americanexpress,Baby,Brazil,23:27:43
Lilly McGuirk,Female,"€84,60",americanexpress,Beauty,Brazil,17:21:17
Ronny Curtin,Male,"€38,40",mastercard,Kids,France,6:33:47
Trisha Bustard,Female,"€14,92",mastercard,Electronics,France,6:49:10
Claudius Skirrow,Male,"€17,76",visa,Sports,Portugal,4:53:47
Sheena Bryden,Female,"€22,13",americanexpress,Computers,Brazil,9:45:12
Minette Tidcomb,Female,"€36,35",visa,Jewelry,Portugal,7:54:29
Wilie Eldered,Female,"€76,06",americanexpress,Health,Brazil,22:37:58
Susannah Woolston,Female,"€68,59",americanexpress,Games,Brazil,4:33:29
Sherlocke Coston,Male,"€7,89",americanexpress,Clothing,Argentina,20:20:40
Catie Simonite,Female,"€12,88",americanexpress,Beauty,France,12:58:52
Kin O'Sherin,Male,"€67,51",visa,Outdoors,Portugal,7:37:44
Noach Roddick,Male,"€75,82",visa,Games,Argentina,7:59:14
Adele McOnie,Genderfluid,"€25,96",americanexpress,Computers,Portugal,21:52:51
Sven Patten,Male,"€80,47",visa,Health,France,9:55:12
Darla Slate,Female,"€70,40",mastercard,Games,France,13:04:19
Melesa Isgate,Female,"€39,33",mastercard,Home,Argentina,6:59:56
Denna Giacubbo,Female,"€44,95",americanexpress,Music,Portugal,14:19:35
Peg Vivians,Female,"€68,51",mastercard,Home,France,23:54:28
Candice Matis,Female,"€78,20",americanexpress,Books,Brazil,1:57:42
Dredi Oger,Female,"€61,42",visa,Tools,France,21:22:57
Hewett Harrell,Male,"€79,57",americanexpress,Garden,Brazil,6:09:12
Trip Bezarra,Male,"€72,18",mastercard,Toys,Argentina,10:43:02
Shauna Flannigan,Female,"€34,17",visa,Beauty,Germany,15:08:11
Waylan McEntegart,Male,"€94,94",mastercard,Shoes,Portugal,23:10:43
Worden Cunnah,Male,"€77,79",mastercard,Health,Portugal,22:52:46
Mikael Cochern,Male,"€32,30",americanexpress,Beauty,France,14:03:07
Sophi Walmsley,Female,"€43,05",americanexpress,Games,Argentina,16:17:30
Purcell Newarte,Non-binary,"€32,80",visa,Clothing,France,5:22:11
Derward Queenborough,Male,"€22,01",visa,Outdoors,Portugal,17:11:27
Jeremy Allatt,Male,"€37,22",visa,Kids,Brazil,8:34:47
Jacenta Kennham,Female,"€40,39",visa,Tools,France,0:58:13
Keefer Castanie,Male,"€24,71",mastercard,Computers,Brazil,23:32:59
Candie Dunsmuir,Agender,"€48,37",americanexpress,Jewelry,Argentina,22:18:12
Genni Eggleson,Female,"€95,55",americanexpress,Baby,Brazil,12:38:54
Barbaraanne Kennelly,Female,"€6,84",americanexpress,Jewelry,Portugal,5:17:55
Tressa Walczak,Female,"€5,81",americanexpress,Outdoors,Portugal,18:14:05
Borg Newlands,Male,"€78,76",americanexpress,Home,Brazil,23:12:33
Georgiana Cullington,Female,"€36,19",mastercard,Beauty,France,3:04:11
Oliver Percy,Male,"€45,75",americanexpress,Games,Portugal,2:08:09
Natalina Crookshanks,Female,"€71,90",americanexpress,Automotive,Brazil,16:17:42
Kent Manklow,Male,"€77,70",mastercard,Garden,Portugal,19:38:28
Dolph Harrow,Male,"€84,85",mastercard,Automotive,France,8:53:54
Leopold Lurner,Male,"€24,83",americanexpress,Shoes,France,11:41:23
Hilario Dodimead,Male,"€32,53",mastercard,Computers,Brazil,23:31:08
Park Crack,Male,"€47,73",visa,Sports,Brazil,17:31:50
Dorelia Marl,Bigender,"€44,69",mastercard,Automotive,France,6:08:33
Nappie Pepperell,Male,"€25,82",mastercard,Tools,Portugal,2:14:55
Arabel Kun,Non-binary,"€80,98",americanexpress,Sports,Brazil,22:58:50
Skelly Dorian,Male,"€42,03",mastercard,Health,France,17:47:50
Turner Ricioppo,Male,"€76,64",americanexpress,Health,Argentina,2:39:46
Connie Lassen,Female,"€56,68",mastercard,Automotive,Portugal,12:02:09
Salaidh Roglieri,Female,"€29,85",americanexpress,Baby,Brazil,22:02:13
Gottfried Meeks,Male,"€55,62",americanexpress,Tools,France,19:56:51
Buffy Semper,Female,"€67,52",visa,Grocery,Brazil,19:30:08
Archie Hallad,Male,"€94,83",visa,Home,France,15:12:43
Valencia Megahey,Female,"€97,54",mastercard,Tools,Brazil,16:22:09
Sandi Westney,Female,"€40,53",visa,Electronics,Brazil,17:07:26
Jacques Betham,Male,"€73,74",americanexpress,Jewelry,Portugal,3:34:58
Tabor McEwen,Male,"€31,79",mastercard,Sports,Argentina,14:33:40
Brnaby Coxhead,Male,"€71,68",mastercard,Sports,Brazil,4:37:59
Ruttger Matieu,Male,"€84,85",americanexpress,Garden,France,2:00:57
Vaughn Northrop,Male,"€57,67",visa,Industrial,Portugal,3:31:12
Siegfried Dablin,Male,"€14,17",visa,Sports,Germany,2:40:48
Armando Jessep,Male,"€77,67",visa,Games,Brazil,14:46:03
Ynez Twomey,Female,"€59,00",visa,Health,Spain,1:32:10
Wolfie Mearns,Male,"€77,70",mastercard,Computers,Portugal,23:58:20
Evangeline Goodacre,Female,"€64,46",visa,Home,Brazil,14:48:00
Tabbatha Bernardon,Female,"€58,63",visa,Home,Portugal,4:36:58
Rorke Drinkhill,Male,"€81,55",americanexpress,Beauty,France,10:42:33
Cord Grzelczyk,Male,"€41,75",mastercard,Grocery,Brazil,7:20:26
Ajay Berford,Female,"€96,68",visa,Computers,France,22:49:06
Nicol Collisson,Female,"€1,70",visa,Music,Portugal,19:47:32
Regen Gherarducci,Male,"€24,51",visa,Grocery,Argentina,21:41:19
Maddie Mount,Female,"€30,48",americanexpress,Books,Portugal,1:06:53
Lulita Stollsteiner,Female,"€33,92",mastercard,Jewelry,Argentina,17:10:24
Celestia Twitchings,Female,"€37,20",americanexpress,Sports,Brazil,21:47:58
Nevil Lantaff,Male,"€9,59",visa,Books,Portugal,12:31:13
Shanda Skullet,Female,"€85,25",americanexpress,Industrial,France,20:25:03
Conni Surmeir,Agender,"€36,19",americanexpress,Health,Brazil,3:53:02
Torry Vermer,Male,"€87,64",visa,Health,France,4:24:53
Kerwin Bandy,Male,"€80,61",mastercard,Clothing,France,7:48:42
Odo Kleszinski,Male,"€5,16",mastercard,Shoes,France,15:21:45
Gustavus Poundsford,Male,"€46,86",visa,Grocery,France,20:23:48
Elwira Seamark,Female,"€23,10",visa,Clothing,France,17:48:05
Dede Yitzovicz,Female,"€23,92",visa,Computers,Brazil,5:30:28
Mateo Costy,Non-binary,"€24,06",mastercard,Toys,Brazil,5:47:00
Rosene Philippsohn,Female,"€21,12",visa,Toys,Brazil,10:41:20
Dwain Winckworth,Male,"€0,18",americanexpress,Grocery,Brazil,13:38:24
Carolee Chalmers,Female,"€91,42",visa,Industrial,France,11:37:24
Amandy Spiller,Female,"€17,19",visa,Baby,France,12:21:03
Mickie Tillerton,Female,"€17,92",visa,Home,Argentina,5:28:33
Brigg Wegner,Male,"€44,44",americanexpress,Toys,Spain,10:14:15
Ibby Ricca,Genderfluid,"€42,98",visa,Home,Portugal,1:58:03
Rosanne Shillam,Female,"€38,72",americanexpress,Music,Spain,13:14:19
Marianna Stigers,Female,"€75,73",mastercard,Baby,Brazil,6:11:17
Elvira Ellerton,Female,"€14,49",mastercard,Sports,Portugal,9:20:28
Lockwood Cereceres,Male,"€79,67",americanexpress,Industrial,Brazil,16:19:40
Jareb Applewhite,Male,"€15,48",americanexpress,Outdoors,Portugal,6:48:01
Gail Iuorio,Male,"€19,30",mastercard,Shoes,Argentina,8:44:10
Whitney Aviss,Female,"€7,44",americanexpress,Books,Portugal,23:13:02
Desmond Visco,Male,"€94,90",visa,Clothing,Brazil,16:16:26
Homer Kaser,Male,"€13,90",americanexpress,Jewelry,France,20:19:49
Trescha Hewes,Female,"€16,31",visa,Sports,Spain,18:47:03
Melodie Rapport,Agender,"€83,30",visa,Beauty,Argentina,22:46:27
Julia Gartland,Female,"€78,65",mastercard,Home,France,1:45:38
Jervis Ginnelly,Male,"€2,89",mastercard,Computers,Brazil,18:49:01
Sal Corrison,Male,"€98,21",mastercard,Games,Portugal,9:34:06
Delainey Leyden,Male,"€90,51",mastercard,Beauty,Brazil,4:08:22
Niall Fahrenbacher,Polygender,"€41,83",americanexpress,Clothing,Portugal,4:16:25
Tiebout Haldene,Polygender,"€25,05",americanexpress,Movies,Argentina,0:23:22
Rosalyn Sporrij,Female,"€5,83",americanexpress,Games,France,13:13:50
Frans Kuhl,Male,"€87,40",americanexpress,Sports,Portugal,9:03:39
Selia Vandenhoff,Bigender,"€44,92",visa,Games,Portugal,6:32:31
Daisey Gosford,Female,"€79,60",visa,Sports,Brazil,5:57:38
Germain Cragg,Male,"€22,10",visa,Jewelry,Portugal,5:46:44
Vaughan Chrestien,Male,"€13,57",americanexpress,Industrial,Argentina,11:01:06
Emmanuel Ellett,Male,"€76,06",mastercard,Games,Portugal,21:27:30
Walton Bromet,Male,"€11,00",visa,Home,Brazil,15:41:13
Lianne Cottam,Genderqueer,"€83,88",americanexpress,Grocery,Portugal,8:30:35
Randall Marrion,Male,"€24,15",americanexpress,Shoes,Portugal,9:52:44
Jule Smowton,Male,"€6,47",visa,Shoes,Portugal,13:24:44
Dominik Wellen,Male,"€23,66",mastercard,Garden,France,3:53:17
Care Willmott,Male,"€17,24",mastercard,Games,Portugal,8:54:33
Cecil Seaward,Female,"€90,93",mastercard,Garden,Argentina,8:23:16
Jodi Doveston,Polygender,"€71,31",americanexpress,Shoes,France,8:07:32
Constancia Hasty,Female,"€46,03",americanexpress,Clothing,Brazil,14:45:34
Karia Sapir,Female,"€65,17",americanexpress,Jewelry,France,2:52:50
Ricardo Luff,Male,"€9,78",mastercard,Shoes,Portugal,10:55:30
Jilleen Heaford,Female,"€45,32",mastercard,Electronics,Brazil,11:47:08
Cindee Filippyev,Female,"€43,74",visa,Beauty,Portugal,8:33:26
Donetta Brind,Female,"€99,41",visa,Garden,Brazil,10:33:43
Benjie Vinter,Male,"€42,07",americanexpress,Outdoors,Portugal,9:21:44
Latrina Peterffy,Female,"€15,59",visa,Industrial,France,22:16:50
Jeremy Ludlow,Male,"€72,25",visa,Home,Brazil,0:39:22
Fred Penrith,Female,"€79,29",americanexpress,Toys,Portugal,10:50:14
Rafferty Guillford,Male,"€51,27",mastercard,Automotive,Portugal,13:56:20
Benoite Duer,Female,"€56,41",americanexpress,Movies,Brazil,14:07:37
Reinaldo Desbrow,Genderfluid,"€62,19",americanexpress,Games,Portugal,14:09:46
Zsa zsa Fahrenbacher,Female,"€8,32",americanexpress,Beauty,France,19:16:17
Paul Beaument,Male,"€90,08",americanexpress,Kids,Portugal,11:29:49
Margaretha McWilliam,Female,"€57,30",americanexpress,Home,Brazil,18:35:47
Latrena Jerrim,Female,"€98,95",visa,Movies,France,5:49:09
Fanchon D'Angeli,Female,"€52,78",mastercard,Home,Brazil,9:32:58
Torr Wogdon,Male,"€51,48",americanexpress,Home,Brazil,13:30:23
Pedro Dorsey,Male,"€47,84",americanexpress,Health,Brazil,4:09:05
Florri Eilhertsen,Female,"€86,75",mastercard,Tools,France,16:20:11
Shelley Saunders,Non-binary,"€27,76",americanexpress,Automotive,Brazil,2:50:40
Carlos Mannix,Male,"€71,60",mastercard,Electronics,Portugal,7:49:28
Ardath Boughtwood,Female,"€0,13",americanexpress,Outdoors,Portugal,10:33:51
Gillian Piquard,Female,"€70,21",mastercard,Tools,Portugal,19:31:54
Michel Narey,Female,"€43,27",americanexpress,Grocery,Brazil,10:26:40
Donia Westraw,Female,"€86,02",mastercard,Outdoors,Portugal,7:23:20
Prescott Dunston,Male,"€44,64",americanexpress,Beauty,Brazil,0:31:51
Avrom Beminster,Male,"€76,09",mastercard,Music,France,18:25:50
Port Rogeron,Non-binary,"€96,33",visa,Electronics,Argentina,17:12:19
Lou Basezzi,Female,"€1,83",visa,Books,Argentina,8:24:54
Beverlie Samwell,Female,"€34,79",visa,Toys,France,7:36:50
Giacomo Lyokhin,Male,"€57,04",mastercard,Tools,Argentina,22:44:54
Arabela Copnar,Female,"€94,78",mastercard,Electronics,Brazil,15:23:26
Lib Charsley,Female,"€66,98",visa,Jewelry,France,15:40:57
Ed Inkster,Male,"€19,46",americanexpress,Tools,Argentina,21:13:29
Mikkel Verralls,Male,"€84,01",americanexpress,Beauty,Brazil,3:11:02
Kendall Spencook,Male,"€56,98",visa,Home,Portugal,20:15:02
Bondy Lefwich,Male,"€53,83",visa,Grocery,Brazil,20:34:36
Bail Rotchell,Male,"€98,84",mastercard,Games,Argentina,11:31:56
Erinna Gueinn,Female,"€12,61",mastercard,Automotive,Portugal,9:16:04
Elisabetta McKern,Female,"€78,83",visa,Music,Brazil,19:16:21
Melessa Filler,Female,"€63,77",americanexpress,Baby,Argentina,5:00:38
Mercedes Jurs,Female,"€19,61",visa,Home,Portugal,14:53:30
Tanhya Haslum,Female,"€88,94",visa,Tools,Portugal,9:57:51
Clair De la Feld,Female,"€75,84",visa,Grocery,France,0:02:58
Noby Mamwell,Polygender,"€58,13",mastercard,Grocery,Portugal,23:51:57
Sylvia Trustie,Female,"€43,27",visa,Automotive,Portugal,3:16:41
Cassondra Privett,Female,"€28,72",mastercard,Industrial,Portugal,5:22:06
Darbee Oldroyde,Male,"€52,61",mastercard,Beauty,Germany,11:35:59
Corena Witherby,Genderqueer,"€37,55",mastercard,Grocery,Spain,0:40:21
Dorette Murison,Female,"€26,83",americanexpress,Toys,France,20:11:44
Moina O'Carroll,Female,"€15,54",visa,Beauty,Argentina,6:20:39
Kasper Berwick,Male,"€51,36",mastercard,Computers,Argentina,2:47:51
Mona Kidd,Female,"€55,53",visa,Automotive,Brazil,19:59:51
Filide Coaten,Female,"€91,59",mastercard,Computers,Brazil,22:54:42
Tania Youthed,Female,"€64,60",americanexpress,Shoes,Portugal,22:36:42
Claudelle Sanpere,Female,"€29,45",americanexpress,Clothing,Brazil,9:32:01
Sig Claque,Male,"€43,72",visa,Garden,France,16:40:08
Annabela Jestico,Female,"€18,17",mastercard,Shoes,Brazil,16:18:03
Shelbi Crauford,Female,"€61,60",mastercard,Music,France,4:07:26
Bern Dysart,Male,"€29,95",visa,Music,Germany,10:04:43
Ingeborg Lardner,Female,"€69,21",americanexpress,Movies,France,14:38:04
Fredek Agius,Male,"€77,61",americanexpress,Garden,France,13:04:56
Gav Anselmi,Male,"€70,97",visa,Industrial,Portugal,21:17:07
Christopher Noell,Male,"€31,80",mastercard,Baby,Brazil,13:12:53
Melesa Aizikovitz,Female,"€1,72",visa,Home,France,16:58:38
Tammy Buckenhill,Male,"€93,31",visa,Tools,Germany,2:45:43
Una Jacobsson,Female,"€13,90",mastercard,Health,France,5:36:17
Helli Robeson,Female,"€61,49",mastercard,Shoes,Portugal,18:53:21
Britt Dornan,Female,"€42,36",mastercard,Tools,Portugal,11:47:08
Vince Gowdy,Male,"€16,99",visa,Music,Portugal,3:41:23
Cornell Pettiford,Male,"€14,85",visa,Clothing,Brazil,16:28:01
Sonny Pratten,Female,"€28,31",visa,Garden,France,0:43:58
Jean Bryson,Polygender,"€11,32",visa,Outdoors,Brazil,11:23:23
Finlay Hise,Male,"€74,47",americanexpress,Shoes,Brazil,20:25:01
Johnnie O'Shevlan,Male,"€59,73",americanexpress,Sports,Portugal,15:31:01
Iorgos Koppeck,Male,"€77,56",americanexpress,Electronics,France,3:22:31
Augie Philimore,Male,"€13,18",visa,Movies,Portugal,8:53:03
Zarla Maywood,Genderfluid,"€49,77",mastercard,Clothing,Brazil,10:43:28
Levi Gingell,Male,"€2,69",visa,Sports,Brazil,13:37:55
Viv Mougenel,Female,"€33,77",visa,Health,Argentina,12:22:55
Kit Partrick,Female,"€87,54",americanexpress,Beauty,France,20:57:13
Jammal Cluely,Male,"€43,95",americanexpress,Sports,Argentina,5:02:34
Viviene Bes,Female,"€8,78",mastercard,Garden,Brazil,19:07:34
Gaylor Ades,Genderfluid,"€1,35",mastercard,Movies,Brazil,20:47:39
Raychel Folomin,Female,"€15,29",americanexpress,Beauty,Germany,15:35:23
Harriott Huskinson,Female,"€98,00",visa,Kids,Brazil,14:53:54
Ingaborg Standeven,Female,"€89,75",mastercard,Toys,Argentina,3:15:53
Bill Otson,Female,"€26,48",visa,Movies,France,1:29:24
Torrey Lagde,Male,"€42,97",americanexpress,Shoes,France,14:15:35
Letta Rothwell,Female,"€55,18",mastercard,Electronics,Portugal,2:26:15
Maxie Roser,Male,"€24,20",americanexpress,Baby,Brazil,18:31:27
Nolly Axe,Male,"€35,15",mastercard,Industrial,France,19:08:18
Gustav Barszczewski,Male,"€78,57",americanexpress,Books,France,4:27:35
Kevon Cartman,Male,"€15,45",visa,Music,Portugal,9:36:17
Casey Wardley,Female,"€82,67",americanexpress,Music,Portugal,13:37:31
Dov Warby,Male,"€16,25",visa,Kids,Brazil,2:11:31
Dehlia Moulder,Female,"€5,14",americanexpress,Outdoors,France,12:36:03
Danny Sames,Male,"€44,48",mastercard,Home,Portugal,8:49:37
Marika Glede,Non-binary,"€0,71",mastercard,Computers,France,19:23:02
Yardley Gaskell,Male,"€72,51",mastercard,Kids,Brazil,14:17:46
Nicky Gilliver,Male,"€78,00",americanexpress,Outdoors,France,13:14:30
Rozanne Shoveller,Female,"€2,16",americanexpress,Grocery,France,9:19:28
Maria Motte,Female,"€85,83",mastercard,Grocery,Brazil,1:27:59
Wallis Goring,Male,"€28,92",americanexpress,Computers,Brazil,2:10:55
Coreen Seabright,Female,"€12,11",visa,Beauty,Brazil,10:56:25
Yoko Alfonsini,Female,"€39,73",visa,Home,Brazil,22:02:31
Tersina Barrow,Female,"€72,80",visa,Home,Portugal,19:39:40
Babbie Jeffryes,Female,"€11,92",mastercard,Tools,Portugal,18:00:14
Diann Busk,Female,"€88,62",mastercard,Beauty,Portugal,23:27:10
Linzy Perillo,Female,"€63,56",visa,Outdoors,Germany,15:12:19
Trey Cattermull,Male,"€37,91",mastercard,Baby,Argentina,10:20:42
Cheslie Thames,Female,"€30,81",mastercard,Jewelry,Brazil,11:19:33
Ode Oliffe,Male,"€75,21",mastercard,Health,Brazil,19:33:15
Thorsten Minster,Male,"€3,50",visa,Computers,Brazil,19:38:22
Ophelie O' Hogan,Female,"€24,02",mastercard,Toys,Brazil,1:46:35
Gracie Gronow,Female,"€80,85",visa,Kids,Brazil,20:19:09
Sherm Richford,Male,"€1,92",americanexpress,Electronics,Portugal,11:33:34
Corty Lebreton,Male,"€27,67",visa,Beauty,Brazil,11:37:47
Erminia Ephson,Female,"€40,87",americanexpress,Outdoors,Portugal,9:44:59
Cicily Esberger,Female,"€10,59",mastercard,Sports,Brazil,5:38:17
Toddy Handforth,Male,"€53,96",mastercard,Garden,Argentina,13:47:17
Toddy Hansberry,Male,"€33,78",americanexpress,Outdoors,Portugal,4:29:03
Vivian Moyler,Female,"€44,43",mastercard,Toys,France,22:06:07
Eldridge Twining,Male,"€60,18",visa,Tools,Brazil,2:55:55
Fayth Mager,Female,"€80,91",mastercard,Toys,Portugal,17:01:19
Jyoti Tessington,Female,"€74,67",visa,Outdoors,Brazil,18:01:10
Page Owbrick,Male,"€97,05",mastercard,Jewelry,Brazil,18:21:56
Erastus Borchardt,Male,"€85,20",visa,Toys,Germany,17:52:07
Sharron Pigott,Female,"€76,45",visa,Computers,Brazil,0:03:24
Mathilda Elliss,Female,"€63,69",mastercard,Tools,France,1:57:25
Latashia Crop,Female,"€6,97",visa,Kids,Brazil,9:06:02
Desmund Bourthoumieux,Male,"€95,92",americanexpress,Electronics,Portugal,6:00:08
Shermy Djekic,Male,"€31,97",americanexpress,Jewelry,Brazil,5:38:12
Corie Cainey,Female,"€77,56",mastercard,Industrial,France,22:18:37
Hermie Groneway,Male,"€84,68",americanexpress,Outdoors,Brazil,0:06:04
Celestia Clayal,Female,"€14,09",visa,Electronics,Portugal,20:43:54
Hadleigh Reid,Male,"€48,96",americanexpress,Home,France,12:24:13
Bartie Itshak,Male,"€19,65",americanexpress,Sports,France,10:06:33
Jameson Story,Male,"€35,35",mastercard,Shoes,France,5:58:39
Caron Bramsen,Female,"€15,92",americanexpress,Grocery,Brazil,1:47:28
Fawn Mountney,Female,"€79,10",mastercard,Baby,Argentina,11:46:11
Brietta Jamblin,Female,"€75,90",mastercard,Clothing,Portugal,8:40:48
Gilemette Eggle,Non-binary,"€2,35",visa,Kids,Brazil,1:05:56
Kennedy Randles,Genderfluid,"€27,91",mastercard,Industrial,Portugal,23:04:51
Alis Danelet,Female,"€26,87",americanexpress,Automotive,Brazil,2:55:30
Cathie Girhard,Female,"€87,34",americanexpress,Toys,France,18:39:42
Doralia Howlett,Female,"€35,04",americanexpress,Automotive,Portugal,14:36:14
Floris Butt Gow,Female,"€6,73",americanexpress,Clothing,Portugal,14:08:50
Olvan Birkin,Male,"€90,01",americanexpress,Tools,Portugal,20:19:15
Humfrey Margiotta,Male,"€97,71",mastercard,Grocery,Brazil,7:28:46
Andreana Heinsh,Female,"€53,53",mastercard,Shoes,Brazil,12:47:48
Gabbey Joseland,Female,"€76,06",mastercard,Electronics,Germany,11:49:47
Tandi Wilcox,Genderfluid,"€31,23",visa,Jewelry,France,18:04:11
Roxane Soda,Female,"€94,36",mastercard,Automotive,Portugal,2:35:17
Jourdain Scopham,Genderfluid,"€92,62",mastercard,Baby,Brazil,8:00:44
Babbie Libermore,Female,"€4,24",mastercard,Electronics,Brazil,2:32:37
Barth Burrells,Genderqueer,"€68,63",americanexpress,Baby,Brazil,21:19:27
Udale Marks,Genderqueer,"€74,29",visa,Automotive,Brazil,21:08:03
Claudell Budd,Male,"€21,68",americanexpress,Health,Argentina,22:36:45
Sutherlan Smolan,Male,"€56,35",mastercard,Beauty,Brazil,8:13:42
Rufe Calladine,Male,"€25,71",americanexpress,Home,France,2:41:22
Hunfredo Pettus,Male,"€7,70",mastercard,Outdoors,Brazil,8:55:19
Francesca Purcell,Female,"€7,05",visa,Jewelry,Portugal,20:40:40
Moses Mocher,Male,"€15,66",americanexpress,Beauty,Argentina,5:54:39
Elna Dallyn,Female,"€76,43",mastercard,Automotive,France,16:41:28
Kris Filippone,Female,"€30,22",americanexpress,Movies,France,21:59:48
Bond Rathjen,Male,"€3,94",americanexpress,Outdoors,Spain,1:51:55
Ellwood Bernardet,Male,"€22,47",mastercard,Kids,France,16:35:37
Nert Rentenbeck,Female,"€22,89",mastercard,Sports,Argentina,11:57:43
Chloris Kayzer,Female,"€74,17",americanexpress,Jewelry,Spain,13:39:29
Reggi Filimore,Female,"€67,33",visa,Outdoors,Portugal,23:07:08
Hilly Martensen,Male,"€42,58",visa,Outdoors,Brazil,10:14:43
Chrissie McCunn,Male,"€61,46",mastercard,Toys,France,13:37:12
Gabie Trynor,Male,"€32,30",americanexpress,Baby,Brazil,21:41:09
Brand Allmann,Male,"€10,62",americanexpress,Beauty,France,15:15:55
Rouvin Piperley,Polygender,"€72,00",americanexpress,Garden,France,1:11:24
Quinta Wardell,Female,"€28,07",visa,Clothing,Portugal,9:46:46
Jared Whittuck,Non-binary,"€37,04",mastercard,Computers,Brazil,13:52:04
Sargent Bagnal,Male,"€47,47",visa,Home,France,14:59:01
Siouxie Teese,Female,"€1,00",americanexpress,Games,France,21:55:41
Derby Conti,Male,"€42,84",mastercard,Tools,Brazil,7:08:02
Lenee Beels,Female,"€64,10",mastercard,Electronics,Portugal,1:33:12
Gussie Mabbs,Female,"€21,43",americanexpress,Shoes,Brazil,22:22:19
Adriaens Chainey,Female,"€81,83",americanexpress,Tools,France,21:50:14
Netty Bignold,Female,"€12,54",mastercard,Industrial,France,4:04:08
Genevieve Bernaldo,Bigender,"€37,53",americanexpress,Shoes,Brazil,4:40:41
Riordan Brownett,Male,"€0,42",americanexpress,Books,France,19:26:14
Vasilis Stanbrooke,Genderfluid,"€94,34",americanexpress,Movies,Brazil,13:34:17
Nikki Lanston,Male,"€39,22",americanexpress,Sports,Portugal,1:03:25
Fionna O'Keenan,Female,"€15,46",mastercard,Shoes,Portugal,19:57:30
Maryl Whacket,Female,"€20,38",visa,Games,Brazil,9:12:40
Falito Skill,Male,"€65,35",visa,Sports,France,2:31:27
Armstrong Walhedd,Male,"€57,98",visa,Jewelry,France,13:36:48
Kathie Pope,Agender,"€31,99",visa,Computers,Brazil,16:11:27
